label,n,in_section5_scope,rho_score_primitive,kernel,slope_inflation,tau_lstsq,tau_covvar_ddof1,tau_covvar_ddof0,shift_ddof1_minus_ddof0,shift_ddof1_minus_lstsq,shift_ddof0_minus_lstsq,source_npz
SLICE | Shannon_H,3000,1,0.931739642637738,weightedtau,1.0003334444814937,-0.05219389261146182,-0.05243685011363719,-0.05219389261146182,-0.0002429575021753727,-0.0002429575021753727,0.0,track2/results/slice_scores.npz
SLICE | Shannon_H,3000,1,0.931739642637738,kendalltau,1.0003334444814937,-0.11316582940860277,-0.11356878075260782,-0.11316582940860277,-0.0004029513440050453,-0.0004029513440050453,0.0,track2/results/slice_scores.npz
dpath | Shannon_H,3000,1,0.4769372498819166,weightedtau,1.0003334444814937,0.1913945456069365,0.1913350016708368,0.1913945456069365,-5.9543936099692996e-05,-5.9543936099692996e-05,0.0,track2/results/dpath_scores.npz
dpath | Shannon_H,3000,1,0.4769372498819166,kendalltau,1.0003334444814937,0.12019121925106047,0.12011960467570412,0.12019121925106047,-7.161457535634352e-05,-7.161457535634352e-05,0.0,track2/results/dpath_scores.npz
"NCG | PCC(x,degree)",3000,1,0.3777834606426067,weightedtau,1.0003334444814937,0.7198677433629622,0.719886728379062,0.7198677433629622,1.8985016099759555e-05,1.8985016099759555e-05,0.0,track2/results/ncg_scores.npz
"NCG | PCC(x,degree)",3000,1,0.3777834606426067,kendalltau,1.0003334444814937,0.40154244659253835,0.40159830596131635,0.40154244659253835,5.5859368777999574e-05,5.5859368777999574e-05,0.0,track2/results/ncg_scores.npz
CytoTRACE_v1 | gene_count,39505,0,0.48435464052856564,weightedtau,1.0000253138922641,0.7900978037695467,0.7900955189690863,0.7900978037695467,-2.284800460494729e-06,-2.284800460494729e-06,0.0,track2/results/cytotrace_scores.npz
CytoTRACE_v1 | gene_count,39505,0,0.48435464052856564,kendalltau,1.0000253138922641,0.6530681030073291,0.6530612097342124,0.6530681030073291,-6.893273116648224e-06,-6.893273116648224e-06,0.0,track2/results/cytotrace_scores.npz
"SR | PCC(x,degree)",39505,0,0.9305466517130603,weightedtau,1.0000253138922641,0.73663547262525,0.7366316953333314,0.73663547262525,-3.7772919185830034e-06,-3.7772919185830034e-06,0.0,track2/results/scent_scores.npz
"SR | PCC(x,degree)",39505,0,0.9305466517130603,kendalltau,1.0000253138922641,0.4299684120579581,0.42993730029041194,0.4299684120579581,-3.111176754616585e-05,-3.111176754616585e-05,0.0,track2/results/scent_scores.npz
"CCAT | PCC(x,degree)",39505,0,0.9981774880514592,weightedtau,1.0000253138922641,0.17161491258473388,0.17138487478368483,0.17161491258473388,-0.00023003780104904892,-0.00023003780104904892,0.0,track2/results/scent_scores.npz
"CCAT | PCC(x,degree)",39505,0,0.9981774880514592,kendalltau,1.0000253138922641,-0.22089922162381936,-0.2211352963092819,-0.22089922162381936,-0.00023607468546252286,-0.00023607468546252286,0.0,track2/results/scent_scores.npz
ORIGINS | gene_count,39505,0,-0.35760084853386037,weightedtau,1.0000253138922641,0.47718669554739435,0.4771840991880856,0.47718669554739435,-2.5963593087707793e-06,-2.5963593087707793e-06,0.0,track2/results/origins_scores.npz
ORIGINS | gene_count,39505,0,-0.35760084853386037,kendalltau,1.0000253138922641,0.4546005550754452,0.45459708233841073,0.4546005550754452,-3.472737034493356e-06,-3.472737034493356e-06,0.0,track2/results/origins_scores.npz
"ORIGINS | PCC(x,degree)",39505,0,0.433862186232707,weightedtau,1.0000253138922641,0.5272212501175606,0.5272209957601528,0.5272212501175606,-2.543574078028854e-07,-2.543574078028854e-07,0.0,track2/results/origins_scores.npz
"ORIGINS | PCC(x,degree)",39505,0,0.433862186232707,kendalltau,1.0000253138922641,0.40187689819718914,0.40187195833865436,0.40187689819718914,-4.939858534780406e-06,-4.939858534780406e-06,0.0,track2/results/origins_scores.npz
