null,n,rho_target,align,nullB_strength,levels,kernel,n_seeds,n_finite,mean,sd,mcse,p2.5,p97.5,min,max,mean_is_zero,rho_realized_mean,rho_prim_ordinal_mean,seconds,cell_id
B,127607,0.998,0,0.55,12,weightedtau_rankTrue,200,200,0.28724039077825725,0.028418273750846927,0.0020094754078839525,0.23990800039789295,0.34231188365613757,0.22928958223577636,0.35790580782451825,0,0.9980009121395631,0.5468878134786327,139.4,232
B,127607,0.998,0,0.55,12,weightedtau_rankFalse,200,200,0.004697583324695418,0.034091898900768886,0.0024106612896259883,-0.06452016260747778,0.06292157676272464,-0.09142787034735793,0.11946634725661603,1,0.9980009121395631,0.5468878134786327,139.4,232
B,127607,0.998,0,0.55,12,kendalltau,200,200,0.005621431686425779,0.0015423307348505098,0.00010905925214452264,0.0027529627588657422,0.008534033391960476,0.00110867180178864,0.00986968462792548,0,0.9980009121395631,0.5468878134786327,139.4,232
B,127607,0.998,0,0.45,12,weightedtau_rankTrue,200,200,0.2964805441026567,0.03201817241003126,0.002264026683233313,0.23309948773761388,0.3499997554618756,0.21630585536860308,0.37327886227256846,0,0.9979991261220872,0.4473086625680338,139.5,231
B,127607,0.998,0,0.45,12,weightedtau_rankFalse,200,200,0.009718139558338508,0.0312980282551859,0.0022131048017010116,-0.04219696552249905,0.06866843719888269,-0.0821902044120427,0.08660993712827492,0,0.9979991261220872,0.4473086625680338,139.5,231
B,127607,0.998,0,0.45,12,kendalltau,200,200,0.004879959844045948,0.001875339688675931,0.00013260654108910195,0.0018257427117718888,0.008419392275590283,-5.645067463564086e-05,0.010832996583953973,0,0.9979991261220872,0.4473086625680338,139.5,231
B,127607,0.998,0,0.63,12,weightedtau_rankTrue,200,200,0.2839883118345417,0.027258906413605462,0.0019274957572789893,0.237010778430845,0.3376700553500374,0.22734983628695488,0.3539935952385971,0,0.9979994257768793,0.6264593921987622,139.8,233
B,127607,0.998,0,0.63,12,weightedtau_rankFalse,200,200,0.007589031351432534,0.03087901518301177,0.0021834761032269983,-0.0513559311041,0.0636830860135402,-0.06918494985473143,0.08546410379786164,0,0.9979994257768793,0.6264593921987622,139.8,233
B,127607,0.998,0,0.63,12,kendalltau,200,200,0.00585603476984373,0.0015135326672823983,0.00010702292125827464,0.0027706161858940784,0.0089523062782198,0.0024152655391863316,0.010374197458955774,0,0.9979994257768793,0.6264593921987622,139.8,233
B,127607,0.998,1,0.55,12,weightedtau_rankTrue,200,200,0.29268791188017024,0.026677546156739524,0.0018863873792847635,0.24123034589051198,0.33989214942693774,0.23055644815810514,0.3580479515526022,0,0.9979992003497226,0.5468848655141082,144.9,229
B,127607,0.998,1,0.55,12,weightedtau_rankFalse,200,200,0.003958393913375322,0.03441866710591157,0.0024337672909992432,-0.05722047875319312,0.068865239843792,-0.10179909796395845,0.1009586549385473,1,0.9979992003497226,0.5468848655141082,144.9,229
B,127607,0.998,1,0.55,12,kendalltau,200,200,0.005499441596372996,0.0016800695035729862,0.0001187988538841175,0.002344536797621606,0.009084349510665665,0.0012922809436309922,0.009857469812372106,0,0.9979992003497226,0.5468848655141082,144.9,229
B,127607,0.998,1,0.45,12,weightedtau_rankTrue,200,200,0.2953692418670182,0.02951912007653803,0.0020873169980779997,0.24141681652125307,0.35437886023269066,0.22437726984644402,0.3635383839358868,0,0.9979997953751557,0.4471700391884015,145.0,228
B,127607,0.998,1,0.45,12,weightedtau_rankFalse,200,200,0.005713697991685077,0.031744600012598476,0.0022446821934962945,-0.04805793653582237,0.07032674532670391,-0.07166159971087135,0.13176294355715848,0,0.9979997953751557,0.4471700391884015,145.0,228
B,127607,0.998,1,0.45,12,kendalltau,200,200,0.004835678757972176,0.0017496108199510881,0.000123716167522477,0.001336062743217896,0.00834276478874507,-0.00012803696511577643,0.009364417992322514,0,0.9979997953751557,0.4471700391884015,145.0,228
B,127607,0.998,1,0.63,12,weightedtau_rankTrue,200,200,0.2851904234120074,0.025977025375709215,0.0018368530798219007,0.23725027579977753,0.33444774451167875,0.21888753022998586,0.35519259233701167,0,0.9979999669900645,0.6265880261406469,145.7,230
B,127607,0.998,1,0.63,12,weightedtau_rankFalse,200,200,0.005838505664444793,0.03205318418489558,0.0022665023895761067,-0.06709189527318238,0.06638628316139068,-0.08312655785198432,0.09829032418287238,0,0.9979999669900645,0.6265880261406469,145.7,230
B,127607,0.998,1,0.63,12,kendalltau,200,200,0.005871034305746341,0.0016272709449597976,0.0001150654320008914,0.0026551388993579683,0.009187023203318458,0.0022736210930234873,0.009933311070528623,0,0.9979999669900645,0.6265880261406469,145.7,230
B,127607,1.0,1,0.63,12,weightedtau_rankTrue,200,199,0.20675503501252482,0.54025053105952,0.038297344746386595,-0.3246174069968503,0.8355604831748907,-0.3323405518995579,0.8366118758525545,0,1.0,0.6264750563030749,136.0,236
B,127607,1.0,1,0.63,12,weightedtau_rankFalse,200,199,0.0036761010300508505,0.44491840353052475,0.031539429402510345,-0.5101065917026689,0.5129651011210505,-0.5355682867490166,0.5394261150866478,1,1.0,0.6264750563030749,136.0,236
B,127607,1.0,1,0.63,12,kendalltau,200,199,0.0041726225756851245,0.4501680826905473,0.031911569291396734,-0.4878409647131794,0.4886152293041435,-0.4889077419889543,0.48970027566178,1,1.0,0.6264750563030749,136.0,236
B,127607,1.0,1,0.55,12,weightedtau_rankTrue,200,200,0.19834723809720992,0.48252888665813737,0.03411994478743639,-0.2425084425264915,0.8097336005900794,-0.2567110386267357,0.8113058609598007,0,1.0,0.5466133787130738,136.8,235
B,127607,1.0,1,0.55,12,weightedtau_rankFalse,200,200,-0.035769568208796586,0.3939256250157313,0.02785474807317727,-0.45879395435357206,0.45632543351996174,-0.4813328629812277,0.46848849834228046,1,1.0,0.5466133787130738,136.8,235
B,127607,1.0,1,0.55,12,kendalltau,200,200,-0.03149318851601036,0.39124887503510936,0.027665473266893392,-0.4203287079577516,0.4199936269517956,-0.4233605509550998,0.4234637480037949,1,1.0,0.5466133787130738,136.8,235
B,127607,1.0,0,0.55,12,weightedtau_rankTrue,200,200,0.23348944155592377,0.49298844028127686,0.034859546916947017,-0.2434815606526424,0.809481609451343,-0.25257741136408485,0.810601919904532,0,1.0,0.5466052685924452,131.6,238
B,127607,1.0,0,0.55,12,weightedtau_rankFalse,200,200,-0.008809201461964178,0.39743553617808985,0.028102936271603877,-0.45904516663639466,0.45820302341726415,-0.47699496633681515,0.47628508971107003,1,1.0,0.5466052685924452,131.6,238
B,127607,1.0,0,0.55,12,kendalltau,200,200,-0.008772575063620822,0.3971298916933289,0.028081323942823203,-0.41992144321284564,0.420562707278989,-0.4209370489571819,0.4213356949426609,1,1.0,0.5466052685924452,131.6,238
B,127607,1.0,0,0.63,12,weightedtau_rankTrue,200,200,0.19456037223103817,0.5440350724886461,0.03846908889600366,-0.32625591414357297,0.8349596043203213,-0.33074753393258516,0.8361638044905739,0,1.0,0.6263424278118173,131.4,239
B,127607,1.0,0,0.63,12,weightedtau_rankFalse,200,200,-0.01865696272707635,0.4566677109902509,0.03229128351901448,-0.5251087780698578,0.5190096461785695,-0.5462693496820903,0.5356110319803924,1,1.0,0.6263424278118173,131.4,239
B,127607,1.0,0,0.63,12,kendalltau,200,200,-0.019664808676724186,0.4569423239651713,0.03231070158869129,-0.48862637626742844,0.4879793441050307,-0.4900901569928986,0.488914755247715,1,1.0,0.6263424278118173,131.4,239
B,127607,1.0,1,0.45,12,weightedtau_rankTrue,200,200,0.249697582922061,0.42672575190481205,0.03017406728788209,-0.15297223632462376,0.7775678704216077,-0.182427175278079,0.7786210192152907,0,1.0,0.44716424450994796,137.6,234
B,127607,1.0,1,0.45,12,weightedtau_rankFalse,200,200,-0.02488758966845308,0.3164473512359186,0.022376206794743923,-0.3763182804553492,0.3715152624422841,-0.4361036017049613,0.4046787457045606,1,1.0,0.44716424450994796,137.6,234
B,127607,1.0,1,0.45,12,kendalltau,200,200,-0.024165237127533636,0.31980274405787457,0.022613468896538896,-0.33999670109130986,0.3402549343876002,-0.34172704441818275,0.341175557353331,1,1.0,0.44716424450994796,137.6,234
B,127607,1.0,0,0.45,12,weightedtau_rankTrue,200,200,0.22180874622755198,0.43121054535011605,0.03049119007362163,-0.1514275715452439,0.7778055665164799,-0.16702346833254175,0.7782581587351105,0,1.0,0.44724636389777217,132.9,237
B,127607,1.0,0,0.45,12,weightedtau_rankFalse,200,200,-0.0521484997433166,0.31976750412440574,0.02261097705694646,-0.3947670145781649,0.37792853081649735,-0.4118546803195031,0.4194541505998406,0,1.0,0.44724636389777217,132.9,237
B,127607,1.0,0,0.45,12,kendalltau,200,200,-0.0508550877707194,0.31751834898685855,0.022451937771976443,-0.3388015277777255,0.33897191736658955,-0.34195633172258405,0.34196373423613247,0,1.0,0.44724636389777217,132.9,237
