n,k_covariates,rho_target,kernel,n_seeds,mean,sd,mcse,p2.5,p97.5,mean_is_zero,seconds
3000,1,0.0,kendalltau,200,0.006111919688056117,0.007656084399042233,0.0005413669195899296,-0.006877840492101676,0.021277634928291173,0,2.8
3000,1,0.0,weightedtau_rankFalse,200,0.011871885815450569,0.048674095823730175,0.003441778322508342,-0.08111652043140774,0.11384619375080175,0,2.8
3000,1,0.0,weightedtau_rankTrue,200,0.21615374284257274,0.0694350099019014,0.004909796635338956,0.11474227805912914,0.3519964820925074,0,2.8
3000,1,0.5,kendalltau,200,0.018251565718425164,0.011294062948814701,0.000798610849825461,-0.0033220598450165355,0.039409115790039674,0,2.8
3000,1,0.5,weightedtau_rankFalse,200,0.020025630136587792,0.05186149658677854,0.0036671615918994096,-0.08410463463610211,0.1248725356828283,0,2.8
3000,1,0.5,weightedtau_rankTrue,200,0.12025166181058708,0.03836110589506954,0.0027125398112218912,0.051417790021916494,0.20841028417235227,0,2.8
3000,1,0.9,kendalltau,200,0.026967494497705108,0.011829796642773865,0.0008364929426163254,0.0014640282184404608,0.050284724137310034,0,2.8
3000,1,0.9,weightedtau_rankFalse,200,0.023514628892857915,0.05191401350347845,0.0036708750986919605,-0.07941364643058293,0.11482146191713304,0,2.8
3000,1,0.9,weightedtau_rankTrue,200,0.17833670153492762,0.04141928343886271,0.0029287856191507486,0.10333692763177468,0.26045223779493015,0,2.8
3000,1,0.93,kendalltau,200,0.022616668481787432,0.011259052540573187,0.0007961352401174926,0.0032473100453879206,0.04405565154900368,0,2.8
3000,1,0.93,weightedtau_rankFalse,200,0.01623994540795324,0.05398014452537449,0.003816972624332219,-0.10204649746580866,0.116410651460848,0,2.8
3000,1,0.93,weightedtau_rankTrue,200,0.19069651576653845,0.04485707667983037,0.0031718743104512995,0.11332571715747565,0.2782973981765675,0,2.8
3000,1,0.998,kendalltau,200,0.005710274157548533,0.010972235752934567,0.0007758542305677516,-0.015814538858166742,0.026323130332105305,0,2.7
3000,1,0.998,weightedtau_rankFalse,200,0.004668453843678018,0.0516846530837902,0.0036546568678822253,-0.08921644104204696,0.12186139707882855,1,2.7
3000,1,0.998,weightedtau_rankTrue,200,0.22001769351462194,0.04486258126043319,0.0031722635430784835,0.13905380994728184,0.30983705272625306,0,2.7
3000,2,0.0,kendalltau,200,0.006368840785077776,0.007406951634667235,0.0005237505728793985,-0.007830726330690372,0.021765226478415223,0,2.9
3000,2,0.0,weightedtau_rankFalse,200,-1.655616763836021e-05,0.049487225986304374,0.0034992753077026954,-0.1023607711130528,0.09874434433772483,1,2.9
3000,2,0.0,weightedtau_rankTrue,200,0.21878439126936386,0.06574249385686073,0.004648696321830116,0.11576861207814881,0.3504778080139445,0,2.9
3000,2,0.5,kendalltau,200,0.016263149084211177,0.009941376790843212,0.0007029614943135793,-0.0028184156593511213,0.03575428005133488,0,3.0
3000,2,0.5,weightedtau_rankFalse,200,0.019613444670516282,0.04977498615420693,0.0035196230243106233,-0.07514405662638901,0.11795858134485206,0,3.0
3000,2,0.5,weightedtau_rankTrue,200,0.13725763923806447,0.039224715197711556,0.002773606210641287,0.07113753000144267,0.21900048109524356,0,3.0
3000,2,0.9,kendalltau,200,0.02108767293749584,0.009607701983292976,0.0006793671224005905,0.001793461263946575,0.036651927645135904,0,2.9
3000,2,0.9,weightedtau_rankFalse,200,0.018282943422481268,0.049209980484405176,0.0034796710902580564,-0.07370786525811104,0.11941580418643676,0,2.9
3000,2,0.9,weightedtau_rankTrue,200,0.19504239165906834,0.04449815787422787,0.003146494918317609,0.10158766160550535,0.27984800009095256,0,2.9
3000,2,0.93,kendalltau,200,0.018310815381031412,0.012176391731723716,0.0008610009163885648,-0.004264835889276581,0.04119948956226246,0,3.0
3000,2,0.93,weightedtau_rankFalse,200,0.018004905802719455,0.050005078897798996,0.0035358930382401997,-0.08333673035784082,0.11242365532146528,0,3.0
3000,2,0.93,weightedtau_rankTrue,200,0.19584039648540214,0.04346647830035234,0.003073544156047706,0.12310253684705791,0.2774872091056961,0,3.0
3000,2,0.998,kendalltau,200,0.0038076619361877384,0.011352371517037408,0.0008027338882246165,-0.01597103754580535,0.027035168602014846,0,2.8
3000,2,0.998,weightedtau_rankFalse,200,-0.000632080806638734,0.051496083920304615,0.003641323014459892,-0.09983326040495032,0.09170551669066025,1,2.8
3000,2,0.998,weightedtau_rankTrue,200,0.2170171244332954,0.04320763435679954,0.003055241125272181,0.14039124618824955,0.29699024775550437,0,2.8
3000,4,0.0,kendalltau,200,0.0072724590771597,0.007746188135627611,0.0005477382159049063,-0.00657925914960998,0.02399243390110741,0,3.0
3000,4,0.0,weightedtau_rankFalse,200,0.014569986395302709,0.05058629843030698,0.003576991465519647,-0.07858720468462134,0.1272639630811275,0,3.0
3000,4,0.0,weightedtau_rankTrue,200,0.22448345922638885,0.06642149530635913,0.004696708974767698,0.112801377633102,0.36076689521391775,0,3.0
3000,4,0.5,kendalltau,200,0.010830900074256467,0.011051740220894677,0.0007814760454106738,-0.008677917809742086,0.03250528697474413,0,3.0
3000,4,0.5,weightedtau_rankFalse,200,0.015105327731338302,0.048435144751469816,0.003424881930151632,-0.08049735529683588,0.09946171771875896,0,3.0
3000,4,0.5,weightedtau_rankTrue,200,0.14824724422326907,0.040592365735464514,0.0028703137075951415,0.08354705170765181,0.23293220409031531,0,3.0
3000,4,0.9,kendalltau,200,0.01777908198494655,0.011042046917796467,0.0007807906253753898,-0.002118065750967361,0.03862873484618396,0,3.0
3000,4,0.9,weightedtau_rankFalse,200,0.017919587213890233,0.053448151799966655,0.0037793550579644395,-0.0998703061944193,0.12094206438433669,0,3.0
3000,4,0.9,weightedtau_rankTrue,200,0.196555346138948,0.04459492082416439,0.0031533370921243823,0.11028662331485865,0.28992102463902536,0,3.0
3000,4,0.93,kendalltau,200,0.015902049516446245,0.010247688609684247,0.0007246210107395874,-0.0044047712284571066,0.03569799716649028,0,3.0
3000,4,0.93,weightedtau_rankFalse,200,0.017685391689348226,0.0531642866599131,0.003759282761417006,-0.07794975006115756,0.1160959799766839,0,3.0
3000,4,0.93,weightedtau_rankTrue,200,0.20275525241278,0.042634423751695606,0.003014709014680477,0.12087322718193128,0.29599754122071414,0,3.0
3000,4,0.998,kendalltau,200,0.005034322398049764,0.010950971700077305,0.0007743506349706638,-0.015017907957870036,0.02789848235927838,0,3.1
3000,4,0.998,weightedtau_rankFalse,200,0.0005176159043348128,0.054337745650466056,0.0038422588423834376,-0.10703934579311102,0.09415481769380425,1,3.1
3000,4,0.998,weightedtau_rankTrue,200,0.22620045285992688,0.04346048306672567,0.003073120229012484,0.1381401381678292,0.31244114545476354,0,3.1
39505,1,0.0,kendalltau,200,0.002175092971641981,0.0021398441292591196,0.00015130982944813466,-0.0013814200275431548,0.006404629071214066,0,35.7
39505,1,0.0,weightedtau_rankFalse,200,0.005538703401046772,0.03683096304502987,0.0026043423726771755,-0.06952841889435009,0.06748183379260288,0,35.7
39505,1,0.0,weightedtau_rankTrue,200,0.2569606166611785,0.07516566146117536,0.005315014893156943,0.1545436900713143,0.40630763562817507,0,35.7
39505,1,0.5,kendalltau,200,0.017593410559444814,0.0027750742294461585,0.00019622738059374116,0.012585631908796066,0.023280167859499455,0,35.8
39505,1,0.5,weightedtau_rankFalse,200,0.015017980461139793,0.03954045112218175,0.0027959321119669944,-0.060588242451659224,0.08956196210911814,0,35.8
39505,1,0.5,weightedtau_rankTrue,200,0.13591482325141996,0.025174375290117935,0.001780097147977745,0.09630693208542476,0.1952563638216106,0,35.8
39505,1,0.9,kendalltau,200,0.026036080009953146,0.002925498348389014,0.00020686397204959167,0.021079755639079087,0.031561834086830394,0,35.8
39505,1,0.9,weightedtau_rankFalse,200,0.023939276334454633,0.038513546170581885,0.002723318966475964,-0.05091208685466862,0.09284544119457236,0,35.8
39505,1,0.9,weightedtau_rankTrue,200,0.2148691697138419,0.029789571328577166,0.0021064407895077263,0.1687223962146876,0.27094746215112203,0,35.8
39505,1,0.93,kendalltau,200,0.023878069200203002,0.003050101006317493,0.00021567471048710118,0.018209633616557554,0.029374169666508142,0,36.7
39505,1,0.93,weightedtau_rankFalse,200,0.021347853299568578,0.03820584387803805,0.0027015611287115244,-0.057237970255219615,0.09502244711904408,0,36.7
39505,1,0.93,weightedtau_rankTrue,200,0.22558074375931483,0.031654435224952315,0.0022383065802194096,0.16804390379626236,0.2831059036594748,0,36.7
39505,1,0.998,kendalltau,200,0.005628608312500755,0.0028736584100408284,0.00020319833485536222,6.200343582870614e-05,0.011025996961083775,0,37.0
39505,1,0.998,weightedtau_rankFalse,200,0.004698248822051892,0.039593352621337674,0.0027996728128458037,-0.07259169126305096,0.08623187233642438,1,37.0
39505,1,0.998,weightedtau_rankTrue,200,0.27450646662660544,0.030919218310506816,0.0021863188936346637,0.21444801396339627,0.33189583162066805,0,37.0
39505,2,0.0,kendalltau,200,0.0019278773625404893,0.0021576500841561518,0.00015256890059345399,-0.0018390347993271058,0.0064322277967234845,0,38.4
39505,2,0.0,weightedtau_rankFalse,200,0.0003622578362270695,0.037347613167186766,0.0026408750531649755,-0.07920889564133395,0.07445160345339454,1,38.4
39505,2,0.0,weightedtau_rankTrue,200,0.26582136881857177,0.06269503963858099,0.004433208767520001,0.16312399813256453,0.3810494766837122,0,38.4
39505,2,0.5,kendalltau,200,0.01391001070376498,0.0026741245524165087,0.00018908916047511546,0.008381147387204427,0.018944830894423236,0,40.4
39505,2,0.5,weightedtau_rankFalse,200,0.011094782228673949,0.04069367204446693,0.0028774771454024004,-0.069076257706347,0.07876261146505414,0,40.4
39505,2,0.5,weightedtau_rankTrue,200,0.16569362678728083,0.02798072309830334,0.0019785359045313357,0.11935449814219602,0.23493494610511154,0,40.4
39505,2,0.9,kendalltau,200,0.021120488313419554,0.003006930511484757,0.00021262209552276053,0.015195856819881485,0.026588633545361347,0,40.4
39505,2,0.9,weightedtau_rankFalse,200,0.023163180628762783,0.038346834449261256,0.0027115306676110543,-0.05851947677497848,0.090068198600912,0,40.4
39505,2,0.9,weightedtau_rankTrue,200,0.23354905416176952,0.03352161837388692,0.0023703363668523005,0.16832665595438617,0.2953279334963884,0,40.4
39505,2,0.93,kendalltau,200,0.01931379771003823,0.0029314552958462628,0.00020728519184381092,0.01358696722611474,0.02567045204048189,0,40.4
39505,2,0.93,weightedtau_rankFalse,200,0.019302694561717695,0.04360748203310873,0.0030835146256081715,-0.065979932400526,0.10014426362977322,0,40.4
39505,2,0.93,weightedtau_rankTrue,200,0.23989138251351363,0.029336990225897305,0.002074438472833545,0.18269554045573572,0.2956599782305767,0,40.4
39505,2,0.998,kendalltau,200,0.004569989062317555,0.002788778703328624,0.00019719643323522971,-0.0006435556099578907,0.00994212490655713,0,43.4
39505,2,0.998,weightedtau_rankFalse,200,0.002922046081361225,0.03650504466732344,0.0025812964631782218,-0.06524071641235003,0.07655821811005485,1,43.4
39505,2,0.998,weightedtau_rankTrue,200,0.2766569175832361,0.034313078509957545,0.0024263010497777376,0.20958286623174924,0.34422652286677224,0,43.4
39505,4,0.0,kendalltau,200,0.002027819093983306,0.002311276554427716,0.00016343193248333164,-0.0017959955487573597,0.006888552232920927,0,45.4
39505,4,0.0,weightedtau_rankFalse,200,-0.0030265450704365987,0.041375962545006174,0.0029257223693694464,-0.08492795804812196,0.08178683786602287,1,45.4
39505,4,0.0,weightedtau_rankTrue,200,0.2664533262143775,0.054128877253865476,0.0038274896164222543,0.16799937503417786,0.3571035145435199,0,45.4
39505,4,0.5,kendalltau,200,0.011330190677296742,0.0030935934839496056,0.0002187500930735283,0.005397490690668799,0.017087757564997804,0,45.8
39505,4,0.5,weightedtau_rankFalse,200,0.010997522039735377,0.03857888956098149,0.002727939441921692,-0.061020650952047395,0.08502571679425815,0,45.8
39505,4,0.5,weightedtau_rankTrue,200,0.17529359103065104,0.028530772909445473,0.0020174302996762337,0.1318867735116809,0.24173196786103146,0,45.8
39505,4,0.9,kendalltau,200,0.017494323032731046,0.0029186802473403677,0.00020638185950096037,0.011921723430277439,0.023328595131182423,0,47.3
39505,4,0.9,weightedtau_rankFalse,200,0.016910674673667594,0.037017563394362074,0.0026175370099156335,-0.054293582895188625,0.08974003937566788,0,47.3
39505,4,0.9,weightedtau_rankTrue,200,0.23789944572705313,0.02989927619050301,0.002114198094687416,0.18257112023253536,0.2951503910922638,0,47.3
39505,4,0.93,kendalltau,200,0.016460943998642442,0.0030513830052782314,0.00021576536150296242,0.010829205591912236,0.022733543356388358,0,47.4
39505,4,0.93,weightedtau_rankFalse,200,0.013821237131128044,0.038278477382894145,0.002706697093094034,-0.06055212427511504,0.08581635482273234,0,47.4
39505,4,0.93,weightedtau_rankTrue,200,0.25307148552652714,0.03434721120205542,0.0024287145955819932,0.1906859014966871,0.32340400907535605,0,47.4
39505,4,0.998,kendalltau,200,0.0035884271611244787,0.003168125637523635,0.00022402031219439164,-0.002447252548079678,0.010385841398781558,0,47.7
39505,4,0.998,weightedtau_rankFalse,200,0.001577073727467565,0.03906522422228609,0.0027623284956151462,-0.07429499746098107,0.0786709486225439,1,47.7
39505,4,0.998,weightedtau_rankTrue,200,0.2741612101589417,0.033129611807709396,0.0023426173167309227,0.21797611187139107,0.3388121132458908,0,47.7
